query,execution_time
"with wscs as  (select sold_date_sk         ,sales_price   from (select ws_sold_date_sk sold_date_sk               ,ws_ext_sales_price sales_price         from web_sales          union all         select cs_sold_date_sk sold_date_sk               ,cs_ext_sales_price sales_price         from catalog_sales)),  wswscs as   (select d_week_seq,         sum(case when (d_day_name='Sunday') then sales_price else null end) sun_sales,         sum(case when (d_day_name='Monday') then sales_price else null end) mon_sales,         sum(case when (d_day_name='Tuesday') then sales_price else  null end) tue_sales,         sum(case when (d_day_name='Wednesday') then sales_price else null end) wed_sales,         sum(case when (d_day_name='Thursday') then sales_price else null end) thu_sales,         sum(case when (d_day_name='Friday') then sales_price else null end) fri_sales,         sum(case when (d_day_name='Saturday') then sales_price else null end) sat_sales  from wscs      ,date_dim  where d_date_sk = sold_date_sk  group by d_week_seq)  select d_week_seq1        ,round(sun_sales1/sun_sales2,2)        ,round(mon_sales1/mon_sales2,2)        ,round(tue_sales1/tue_sales2,2)        ,round(wed_sales1/wed_sales2,2)        ,round(thu_sales1/thu_sales2,2)        ,round(fri_sales1/fri_sales2,2)        ,round(sat_sales1/sat_sales2,2)  from  (select wswscs.d_week_seq d_week_seq1         ,sun_sales sun_sales1         ,mon_sales mon_sales1         ,tue_sales tue_sales1         ,wed_sales wed_sales1         ,thu_sales thu_sales1         ,fri_sales fri_sales1         ,sat_sales sat_sales1   from wswscs,date_dim    where date_dim.d_week_seq = wswscs.d_week_seq and         d_year = 1998) y,  (select wswscs.d_week_seq d_week_seq2         ,sun_sales sun_sales2         ,mon_sales mon_sales2         ,tue_sales tue_sales2         ,wed_sales wed_sales2         ,thu_sales thu_sales2         ,fri_sales fri_sales2         ,sat_sales sat_sales2   from wswscs       ,date_dim    where date_dim.d_week_seq = wswscs.d_week_seq and         d_year = 1998+1) z  where d_week_seq1=d_week_seq2-53  order by d_week_seq1",23.02166224
"select  count(*) from (     select distinct c_last_name, c_first_name, d_date     from store_sales, date_dim, customer           where store_sales.ss_sold_date_sk = date_dim.d_date_sk       and store_sales.ss_customer_sk = customer.c_customer_sk       and d_month_seq between 1189 and 1189 + 11   intersect     select distinct c_last_name, c_first_name, d_date     from catalog_sales, date_dim, customer           where catalog_sales.cs_sold_date_sk = date_dim.d_date_sk       and catalog_sales.cs_bill_customer_sk = customer.c_customer_sk       and d_month_seq between 1189 and 1189 + 11   intersect     select distinct c_last_name, c_first_name, d_date     from web_sales, date_dim, customer           where web_sales.ws_sold_date_sk = date_dim.d_date_sk       and web_sales.ws_bill_customer_sk = customer.c_customer_sk       and d_month_seq between 1189 and 1189 + 11 ) hot_cust limit 100",8.474652767
"select count(*)  from ((select distinct c_last_name, c_first_name, d_date        from store_sales, date_dim, customer        where store_sales.ss_sold_date_sk = date_dim.d_date_sk          and store_sales.ss_customer_sk = customer.c_customer_sk          and d_month_seq between 1202 and 1202+11)        except       (select distinct c_last_name, c_first_name, d_date        from catalog_sales, date_dim, customer        where catalog_sales.cs_sold_date_sk = date_dim.d_date_sk          and catalog_sales.cs_bill_customer_sk = customer.c_customer_sk          and d_month_seq between 1202 and 1202+11)        except       (select distinct c_last_name, c_first_name, d_date        from web_sales, date_dim, customer        where web_sales.ws_sold_date_sk = date_dim.d_date_sk          and web_sales.ws_bill_customer_sk = customer.c_customer_sk          and d_month_seq between 1202 and 1202+11) ) cool_cust",5.698081732
"select  channel, col_name, d_year, d_qoy, i_category, COUNT(*) sales_cnt, SUM(ext_sales_price) sales_amt FROM (         SELECT 'store' as channel, 'ss_customer_sk' col_name, d_year, d_qoy, i_category, ss_ext_sales_price ext_sales_price          FROM store_sales, item, date_dim          WHERE ss_customer_sk IS NULL            AND ss_sold_date_sk=d_date_sk            AND ss_item_sk=i_item_sk         UNION ALL         SELECT 'web' as channel, 'ws_promo_sk' col_name, d_year, d_qoy, i_category, ws_ext_sales_price ext_sales_price          FROM web_sales, item, date_dim          WHERE ws_promo_sk IS NULL            AND ws_sold_date_sk=d_date_sk            AND ws_item_sk=i_item_sk         UNION ALL         SELECT 'catalog' as channel, 'cs_bill_customer_sk' col_name, d_year, d_qoy, i_category, cs_ext_sales_price ext_sales_price          FROM catalog_sales, item, date_dim          WHERE cs_bill_customer_sk IS NULL            AND cs_sold_date_sk=d_date_sk            AND cs_item_sk=i_item_sk) foo GROUP BY channel, col_name, d_year, d_qoy, i_category ORDER BY channel, col_name, d_year, d_qoy, i_category limit 100",6.314230204
"with  cross_items as  (select i_item_sk ss_item_sk  from item,  (select iss.i_brand_id brand_id      ,iss.i_class_id class_id      ,iss.i_category_id category_id  from store_sales      ,item iss      ,date_dim d1  where ss_item_sk = iss.i_item_sk    and ss_sold_date_sk = d1.d_date_sk    and d1.d_year between 1999 AND 1999 + 2  intersect   select ics.i_brand_id      ,ics.i_class_id      ,ics.i_category_id  from catalog_sales      ,item ics      ,date_dim d2  where cs_item_sk = ics.i_item_sk    and cs_sold_date_sk = d2.d_date_sk    and d2.d_year between 1999 AND 1999 + 2  intersect  select iws.i_brand_id      ,iws.i_class_id      ,iws.i_category_id  from web_sales      ,item iws      ,date_dim d3  where ws_item_sk = iws.i_item_sk    and ws_sold_date_sk = d3.d_date_sk    and d3.d_year between 1999 AND 1999 + 2)  where i_brand_id = brand_id       and i_class_id = class_id       and i_category_id = category_id ),  avg_sales as  (select avg(quantity*list_price) average_sales   from (select ss_quantity quantity              ,ss_list_price list_price        from store_sales            ,date_dim        where ss_sold_date_sk = d_date_sk          and d_year between 1999 and 1999 + 2        union all         select cs_quantity quantity               ,cs_list_price list_price        from catalog_sales            ,date_dim        where cs_sold_date_sk = d_date_sk          and d_year between 1999 and 1999 + 2         union all        select ws_quantity quantity              ,ws_list_price list_price        from web_sales            ,date_dim        where ws_sold_date_sk = d_date_sk          and d_year between 1999 and 1999 + 2) x)   select  channel, i_brand_id,i_class_id,i_category_id,sum(sales), sum(number_sales)  from(        select 'store' channel, i_brand_id,i_class_id              ,i_category_id,sum(ss_quantity*ss_list_price) sales              , count(*) number_sales        from store_sales            ,item            ,date_dim        where ss_item_sk in (select ss_item_sk from cross_items)          and ss_item_sk = i_item_sk          and ss_sold_date_sk = d_date_sk          and d_year = 1999+2           and d_moy = 11        group by i_brand_id,i_class_id,i_category_id        having sum(ss_quantity*ss_list_price) > (select average_sales from avg_sales)        union all        select 'catalog' channel, i_brand_id,i_class_id,i_category_id, sum(cs_quantity*cs_list_price) sales, count(*) number_sales        from catalog_sales            ,item            ,date_dim        where cs_item_sk in (select ss_item_sk from cross_items)          and cs_item_sk = i_item_sk          and cs_sold_date_sk = d_date_sk          and d_year = 1999+2           and d_moy = 11        group by i_brand_id,i_class_id,i_category_id        having sum(cs_quantity*cs_list_price) > (select average_sales from avg_sales)        union all        select 'web' channel, i_brand_id,i_class_id,i_category_id, sum(ws_quantity*ws_list_price) sales , count(*) number_sales        from web_sales            ,item            ,date_dim        where ws_item_sk in (select ss_item_sk from cross_items)          and ws_item_sk = i_item_sk          and ws_sold_date_sk = d_date_sk          and d_year = 1999+2          and d_moy = 11        group by i_brand_id,i_class_id,i_category_id        having sum(ws_quantity*ws_list_price) > (select average_sales from avg_sales)  ) y  group by rollup (channel, i_brand_id,i_class_id,i_category_id)  order by channel,i_brand_id,i_class_id,i_category_id  limit 100",26.22996831
"with  cross_items as  (select i_item_sk ss_item_sk  from item,  (select iss.i_brand_id brand_id      ,iss.i_class_id class_id      ,iss.i_category_id category_id  from store_sales      ,item iss      ,date_dim d1  where ss_item_sk = iss.i_item_sk    and ss_sold_date_sk = d1.d_date_sk    and d1.d_year between 1999 AND 1999 + 2  intersect  select ics.i_brand_id      ,ics.i_class_id      ,ics.i_category_id  from catalog_sales      ,item ics      ,date_dim d2  where cs_item_sk = ics.i_item_sk    and cs_sold_date_sk = d2.d_date_sk    and d2.d_year between 1999 AND 1999 + 2  intersect  select iws.i_brand_id      ,iws.i_class_id      ,iws.i_category_id  from web_sales      ,item iws      ,date_dim d3  where ws_item_sk = iws.i_item_sk    and ws_sold_date_sk = d3.d_date_sk    and d3.d_year between 1999 AND 1999 + 2) x  where i_brand_id = brand_id       and i_class_id = class_id       and i_category_id = category_id ),  avg_sales as (select avg(quantity*list_price) average_sales   from (select ss_quantity quantity              ,ss_list_price list_price        from store_sales            ,date_dim        where ss_sold_date_sk = d_date_sk          and d_year between 1999 and 1999 + 2        union all        select cs_quantity quantity              ,cs_list_price list_price        from catalog_sales            ,date_dim        where cs_sold_date_sk = d_date_sk          and d_year between 1999 and 1999 + 2        union all        select ws_quantity quantity              ,ws_list_price list_price        from web_sales            ,date_dim        where ws_sold_date_sk = d_date_sk          and d_year between 1999 and 1999 + 2) x)   select  this_year.channel ty_channel                            ,this_year.i_brand_id ty_brand                            ,this_year.i_class_id ty_class                            ,this_year.i_category_id ty_category                            ,this_year.sales ty_sales                            ,this_year.number_sales ty_number_sales                            ,last_year.channel ly_channel                            ,last_year.i_brand_id ly_brand                            ,last_year.i_class_id ly_class                            ,last_year.i_category_id ly_category                            ,last_year.sales ly_sales                            ,last_year.number_sales ly_number_sales   from  (select 'store' channel, i_brand_id,i_class_id,i_category_id         ,sum(ss_quantity*ss_list_price) sales, count(*) number_sales  from store_sales       ,item      ,date_dim  where ss_item_sk in (select ss_item_sk from cross_items)    and ss_item_sk = i_item_sk    and ss_sold_date_sk = d_date_sk    and d_week_seq = (select d_week_seq                      from date_dim                      where d_year = 1999 + 1                        and d_moy = 12                        and d_dom = 3)  group by i_brand_id,i_class_id,i_category_id  having sum(ss_quantity*ss_list_price) > (select average_sales from avg_sales)) this_year,  (select 'store' channel, i_brand_id,i_class_id         ,i_category_id, sum(ss_quantity*ss_list_price) sales, count(*) number_sales  from store_sales      ,item      ,date_dim  where ss_item_sk in (select ss_item_sk from cross_items)    and ss_item_sk = i_item_sk    and ss_sold_date_sk = d_date_sk    and d_week_seq = (select d_week_seq                      from date_dim                      where d_year = 1999                        and d_moy = 12                        and d_dom = 3)  group by i_brand_id,i_class_id,i_category_id  having sum(ss_quantity*ss_list_price) > (select average_sales from avg_sales)) last_year  where this_year.i_brand_id= last_year.i_brand_id    and this_year.i_class_id = last_year.i_class_id    and this_year.i_category_id = last_year.i_category_id  order by this_year.channel, this_year.i_brand_id, this_year.i_class_id, this_year.i_category_id  limit 100",18.20645547
"with customer_total_return as (select sr_customer_sk as ctr_customer_sk ,sr_store_sk as ctr_store_sk ,sum(SR_FEE) as ctr_total_return from store_returns ,date_dim where sr_returned_date_sk = d_date_sk and d_year =2000 group by sr_customer_sk ,sr_store_sk)  select  c_customer_id from customer_total_return ctr1 ,store ,customer where ctr1.ctr_total_return > (select avg(ctr_total_return)*1.2 from customer_total_return ctr2 where ctr1.ctr_store_sk = ctr2.ctr_store_sk) and s_store_sk = ctr1.ctr_store_sk and s_state = 'TN' and ctr1.ctr_customer_sk = c_customer_sk order by c_customer_id limit 100",3.701101303
"select      substr(w_warehouse_name,1,20)   ,sm_type   ,cc_name   ,sum(case when (cs_ship_date_sk - cs_sold_date_sk <= 30 ) then 1 else 0 end)  as `30 days`    ,sum(case when (cs_ship_date_sk - cs_sold_date_sk > 30) and                   (cs_ship_date_sk - cs_sold_date_sk <= 60) then 1 else 0 end )  as `31-60 days`    ,sum(case when (cs_ship_date_sk - cs_sold_date_sk > 60) and                   (cs_ship_date_sk - cs_sold_date_sk <= 90) then 1 else 0 end)  as `61-90 days`    ,sum(case when (cs_ship_date_sk - cs_sold_date_sk > 90) and                  (cs_ship_date_sk - cs_sold_date_sk <= 120) then 1 else 0 end)  as `91-120 days`    ,sum(case when (cs_ship_date_sk - cs_sold_date_sk  > 120) then 1 else 0 end)  as `>120 days`  from    catalog_sales   ,warehouse   ,ship_mode   ,call_center   ,date_dim where     d_month_seq between 1194 and 1194 + 11 and cs_ship_date_sk   = d_date_sk and cs_warehouse_sk   = w_warehouse_sk and cs_ship_mode_sk   = sm_ship_mode_sk and cs_call_center_sk = cc_call_center_sk group by    substr(w_warehouse_name,1,20)   ,sm_type   ,cc_name order by substr(w_warehouse_name,1,20)         ,sm_type         ,cc_name limit 100",2.746781588
"select i_item_id       ,i_item_desc        ,i_category        ,i_class        ,i_current_price       ,sum(ss_ext_sales_price) as itemrevenue        ,sum(ss_ext_sales_price)*100/sum(sum(ss_ext_sales_price)) over           (partition by i_class) as revenueratio from	 	store_sales     	,item      	,date_dim where  	ss_item_sk = i_item_sk    	and i_category in ('Men', 'Sports', 'Jewelry')   	and ss_sold_date_sk = d_date_sk 	and d_date between cast('1999-02-05' as date)  				and DATE_ADD(CAST('1999-02-05' AS DATE), 30) group by  	i_item_id         ,i_item_desc          ,i_category         ,i_class         ,i_current_price order by  	i_category         ,i_class         ,i_item_id         ,i_item_desc         ,revenueratio",3.23602891
"with ssci as ( select ss_customer_sk customer_sk       ,ss_item_sk item_sk from store_sales,date_dim where ss_sold_date_sk = d_date_sk   and d_month_seq between 1199 and 1199 + 11 group by ss_customer_sk         ,ss_item_sk), csci as(  select cs_bill_customer_sk customer_sk       ,cs_item_sk item_sk from catalog_sales,date_dim where cs_sold_date_sk = d_date_sk   and d_month_seq between 1199 and 1199 + 11 group by cs_bill_customer_sk         ,cs_item_sk)  select  sum(case when ssci.customer_sk is not null and csci.customer_sk is null then 1 else 0 end) store_only       ,sum(case when ssci.customer_sk is null and csci.customer_sk is not null then 1 else 0 end) catalog_only       ,sum(case when ssci.customer_sk is not null and csci.customer_sk is not null then 1 else 0 end) store_and_catalog from ssci full outer join csci on (ssci.customer_sk=csci.customer_sk                                and ssci.item_sk = csci.item_sk) limit 100",4.76042676
"select  ss_customer_sk             ,sum(act_sales) sumsales       from (select ss_item_sk                   ,ss_ticket_number                   ,ss_customer_sk                   ,case when sr_return_quantity is not null then (ss_quantity-sr_return_quantity)*ss_sales_price                                                             else (ss_quantity*ss_sales_price) end act_sales             from store_sales left outer join store_returns on (sr_item_sk = ss_item_sk                                                                and sr_ticket_number = ss_ticket_number)                 ,reason             where sr_reason_sk = r_reason_sk               and r_reason_desc = 'reason 58') t       group by ss_customer_sk       order by sumsales, ss_customer_sk limit 100",0.805552244
"select      sum(ws_ext_discount_amt)  as `Excess Discount Amount`  from      web_sales     ,item     ,date_dim where i_manufact_id = 714 and i_item_sk = ws_item_sk  and d_date between '2000-02-01' and          DATE_ADD(CAST('2000-02-01' AS DATE), 90) and d_date_sk = ws_sold_date_sk  and ws_ext_discount_amt        > (           SELECT              1.3 * avg(ws_ext_discount_amt)           FROM              web_sales             ,date_dim          WHERE                ws_item_sk = i_item_sk            and d_date between '2000-02-01' and                              DATE_ADD(CAST('2000-02-01' AS DATE), 90)           and d_date_sk = ws_sold_date_sk        )  order by sum(ws_ext_discount_amt) limit 100",2.724562883
"select  a.ca_state state, count(*) cnt  from customer_address a      ,customer c      ,store_sales s      ,date_dim d      ,item i  where       a.ca_address_sk = c.c_current_addr_sk  	and c.c_customer_sk = s.ss_customer_sk  	and s.ss_sold_date_sk = d.d_date_sk  	and s.ss_item_sk = i.i_item_sk  	and d.d_month_seq =   	     (select distinct (d_month_seq)  	      from date_dim                where d_year = 2002  	        and d_moy = 3 )  	and i.i_current_price > 1.2 *               (select avg(j.i_current_price)   	     from item j   	     where j.i_category = i.i_category)  group by a.ca_state  having count(*) >= 10  order by cnt, a.ca_state   limit 100",4.639403582
"select  count(*)  from store_sales     ,household_demographics      ,time_dim, store where ss_sold_time_sk = time_dim.t_time_sk        and ss_hdemo_sk = household_demographics.hd_demo_sk      and ss_store_sk = s_store_sk     and time_dim.t_hour = 8     and time_dim.t_minute >= 30     and household_demographics.hd_dep_count = 0     and store.s_store_name = 'ese' order by count(*) limit 100",1.363265514
"with ws_wh as (select ws1.ws_order_number,ws1.ws_warehouse_sk wh1,ws2.ws_warehouse_sk wh2  from web_sales ws1,web_sales ws2  where ws1.ws_order_number = ws2.ws_order_number    and ws1.ws_warehouse_sk <> ws2.ws_warehouse_sk)  select      count(distinct ws_order_number) as `order count`   ,sum(ws_ext_ship_cost) as `total shipping cost`   ,sum(ws_net_profit) as `total net profit` from    web_sales ws1   ,date_dim   ,customer_address   ,web_site where     d_date between '2001-4-01' and             DATE_ADD(CAST('2001-4-01' AS DATE), 60) and ws1.ws_ship_date_sk = d_date_sk and ws1.ws_ship_addr_sk = ca_address_sk and ca_state = 'VA' and ws1.ws_web_site_sk = web_site_sk and web_company_name = 'pri' and ws1.ws_order_number in (select ws_order_number                             from ws_wh) and ws1.ws_order_number in (select wr_order_number                             from web_returns,ws_wh                             where wr_order_number = ws_wh.ws_order_number) order by count(distinct ws_order_number) limit 100",16.61032176
"select  * from( select i_category, i_class, i_brand,        s_store_name, s_company_name,        d_moy,        sum(ss_sales_price) sum_sales,        avg(sum(ss_sales_price)) over          (partition by i_category, i_brand, s_store_name, s_company_name)          avg_monthly_sales from item, store_sales, date_dim, store where ss_item_sk = i_item_sk and       ss_sold_date_sk = d_date_sk and       ss_store_sk = s_store_sk and       d_year in (2001) and         ((i_category in ('Books','Children','Electronics') and           i_class in ('history','school-uniforms','audio')          )       or (i_category in ('Men','Sports','Shoes') and           i_class in ('pants','tennis','womens')          )) group by i_category, i_class, i_brand,          s_store_name, s_company_name, d_moy) tmp1 where case when (avg_monthly_sales <> 0) then (abs(sum_sales - avg_monthly_sales) / avg_monthly_sales) else null end > 0.1 order by sum_sales - avg_monthly_sales, s_store_name limit 100",3.000853777
"select      w_state   ,i_item_id   ,sum(case when (cast(d_date as date) < cast ('2001-05-02' as date))   		then cs_sales_price - coalesce(cr_refunded_cash,0) else 0 end) as sales_before   ,sum(case when (cast(d_date as date) >= cast ('2001-05-02' as date))   		then cs_sales_price - coalesce(cr_refunded_cash,0) else 0 end) as sales_after  from    catalog_sales left outer join catalog_returns on        (cs_order_number = cr_order_number          and cs_item_sk = cr_item_sk)   ,warehouse    ,item   ,date_dim  where      i_current_price between 0.99 and 1.49  and i_item_sk          = cs_item_sk  and cs_warehouse_sk    = w_warehouse_sk   and cs_sold_date_sk    = d_date_sk  and d_date between DATE_SUB(CAST('2001-05-02' AS DATE), 30)                 and DATE_ADD(CAST('2001-05-02' AS DATE), 30)   group by     w_state,i_item_id  order by w_state,i_item_id limit 100",2.739789724
"select  channel, item, return_ratio, return_rank, currency_rank from  (select  'web' as channel  ,web.item  ,web.return_ratio  ,web.return_rank  ,web.currency_rank  from (  	select   	 item  	,return_ratio  	,currency_ratio  	,rank() over (order by return_ratio) as return_rank  	,rank() over (order by currency_ratio) as currency_rank  	from  	(	select ws.ws_item_sk as item  		,(cast(sum(coalesce(wr.wr_return_quantity,0)) as decimal(15,4))/  		cast(sum(coalesce(ws.ws_quantity,0)) as decimal(15,4) )) as return_ratio  		,(cast(sum(coalesce(wr.wr_return_amt,0)) as decimal(15,4))/  		cast(sum(coalesce(ws.ws_net_paid,0)) as decimal(15,4) )) as currency_ratio  		from   		 web_sales ws left outer join web_returns wr   			on (ws.ws_order_number = wr.wr_order_number and   			ws.ws_item_sk = wr.wr_item_sk)                  ,date_dim  		where   			wr.wr_return_amt > 10000   			and ws.ws_net_profit > 1                          and ws.ws_net_paid > 0                          and ws.ws_quantity > 0                          and ws_sold_date_sk = d_date_sk                          and d_year = 1998                          and d_moy = 11  		group by ws.ws_item_sk  	) in_web  ) web  where   (  web.return_rank <= 10  or  web.currency_rank <= 10  )  union  select   'catalog' as channel  ,catalog.item  ,catalog.return_ratio  ,catalog.return_rank  ,catalog.currency_rank  from (  	select   	 item  	,return_ratio  	,currency_ratio  	,rank() over (order by return_ratio) as return_rank  	,rank() over (order by currency_ratio) as currency_rank  	from  	(	select   		cs.cs_item_sk as item  		,(cast(sum(coalesce(cr.cr_return_quantity,0)) as decimal(15,4))/  		cast(sum(coalesce(cs.cs_quantity,0)) as decimal(15,4) )) as return_ratio  		,(cast(sum(coalesce(cr.cr_return_amount,0)) as decimal(15,4))/  		cast(sum(coalesce(cs.cs_net_paid,0)) as decimal(15,4) )) as currency_ratio  		from   		catalog_sales cs left outer join catalog_returns cr  			on (cs.cs_order_number = cr.cr_order_number and   			cs.cs_item_sk = cr.cr_item_sk)                 ,date_dim  		where   			cr.cr_return_amount > 10000   			and cs.cs_net_profit > 1                          and cs.cs_net_paid > 0                          and cs.cs_quantity > 0                          and cs_sold_date_sk = d_date_sk                          and d_year = 1998                          and d_moy = 11                  group by cs.cs_item_sk  	) in_cat  ) catalog  where   (  catalog.return_rank <= 10  or  catalog.currency_rank <=10  )  union  select   'store' as channel  ,store.item  ,store.return_ratio  ,store.return_rank  ,store.currency_rank  from (  	select   	 item  	,return_ratio  	,currency_ratio  	,rank() over (order by return_ratio) as return_rank  	,rank() over (order by currency_ratio) as currency_rank  	from  	(	select sts.ss_item_sk as item  		,(cast(sum(coalesce(sr.sr_return_quantity,0)) as decimal(15,4))/cast(sum(coalesce(sts.ss_quantity,0)) as decimal(15,4) )) as return_ratio  		,(cast(sum(coalesce(sr.sr_return_amt,0)) as decimal(15,4))/cast(sum(coalesce(sts.ss_net_paid,0)) as decimal(15,4) )) as currency_ratio  		from   		store_sales sts left outer join store_returns sr  			on (sts.ss_ticket_number = sr.sr_ticket_number and sts.ss_item_sk = sr.sr_item_sk)                 ,date_dim  		where   			sr.sr_return_amt > 10000   			and sts.ss_net_profit > 1                          and sts.ss_net_paid > 0                           and sts.ss_quantity > 0                          and ss_sold_date_sk = d_date_sk                          and d_year = 1998                          and d_moy = 11  		group by sts.ss_item_sk  	) in_store  ) store  where  (  store.return_rank <= 10  or   store.currency_rank <= 10  )  )  order by 1,4,5,2  limit 100",6.182601452
"select  i_item_desc       ,w_warehouse_name       ,d1.d_week_seq       ,sum(case when p_promo_sk is null then 1 else 0 end) no_promo       ,sum(case when p_promo_sk is not null then 1 else 0 end) promo       ,count(*) total_cnt from catalog_sales join inventory on (cs_item_sk = inv_item_sk) join warehouse on (w_warehouse_sk=inv_warehouse_sk) join item on (i_item_sk = cs_item_sk) join customer_demographics on (cs_bill_cdemo_sk = cd_demo_sk) join household_demographics on (cs_bill_hdemo_sk = hd_demo_sk) join date_dim d1 on (cs_sold_date_sk = d1.d_date_sk) join date_dim d2 on (inv_date_sk = d2.d_date_sk) join date_dim d3 on (cs_ship_date_sk = d3.d_date_sk) left outer join promotion on (cs_promo_sk=p_promo_sk) left outer join catalog_returns on (cr_item_sk = cs_item_sk and cr_order_number = cs_order_number) where d1.d_week_seq = d2.d_week_seq   and inv_quantity_on_hand < cs_quantity    and d3.d_date > d1.d_date + 5   and hd_buy_potential = '1001-5000'   and d1.d_year = 1998   and cd_marital_status = 'S' group by i_item_desc,w_warehouse_name,d1.d_week_seq order by total_cnt desc, i_item_desc, w_warehouse_name, d_week_seq limit 100",31.10549808
"WITH all_sales AS (  SELECT d_year        ,i_brand_id        ,i_class_id        ,i_category_id        ,i_manufact_id        ,SUM(sales_cnt) AS sales_cnt        ,SUM(sales_amt) AS sales_amt  FROM (SELECT d_year              ,i_brand_id              ,i_class_id              ,i_category_id              ,i_manufact_id              ,cs_quantity - COALESCE(cr_return_quantity,0) AS sales_cnt              ,cs_ext_sales_price - COALESCE(cr_return_amount,0.0) AS sales_amt        FROM catalog_sales JOIN item ON i_item_sk=cs_item_sk                           JOIN date_dim ON d_date_sk=cs_sold_date_sk                           LEFT JOIN catalog_returns ON (cs_order_number=cr_order_number                                                      AND cs_item_sk=cr_item_sk)        WHERE i_category='Sports'        UNION        SELECT d_year              ,i_brand_id              ,i_class_id              ,i_category_id              ,i_manufact_id              ,ss_quantity - COALESCE(sr_return_quantity,0) AS sales_cnt              ,ss_ext_sales_price - COALESCE(sr_return_amt,0.0) AS sales_amt        FROM store_sales JOIN item ON i_item_sk=ss_item_sk                         JOIN date_dim ON d_date_sk=ss_sold_date_sk                         LEFT JOIN store_returns ON (ss_ticket_number=sr_ticket_number                                                  AND ss_item_sk=sr_item_sk)        WHERE i_category='Sports'        UNION        SELECT d_year              ,i_brand_id              ,i_class_id              ,i_category_id              ,i_manufact_id              ,ws_quantity - COALESCE(wr_return_quantity,0) AS sales_cnt              ,ws_ext_sales_price - COALESCE(wr_return_amt,0.0) AS sales_amt        FROM web_sales JOIN item ON i_item_sk=ws_item_sk                       JOIN date_dim ON d_date_sk=ws_sold_date_sk                       LEFT JOIN web_returns ON (ws_order_number=wr_order_number                                              AND ws_item_sk=wr_item_sk)        WHERE i_category='Sports') sales_detail  GROUP BY d_year, i_brand_id, i_class_id, i_category_id, i_manufact_id)  SELECT  prev_yr.d_year AS prev_year                           ,curr_yr.d_year AS year                           ,curr_yr.i_brand_id                           ,curr_yr.i_class_id                           ,curr_yr.i_category_id                           ,curr_yr.i_manufact_id                           ,prev_yr.sales_cnt AS prev_yr_cnt                           ,curr_yr.sales_cnt AS curr_yr_cnt                           ,curr_yr.sales_cnt-prev_yr.sales_cnt AS sales_cnt_diff                           ,curr_yr.sales_amt-prev_yr.sales_amt AS sales_amt_diff  FROM all_sales curr_yr, all_sales prev_yr  WHERE curr_yr.i_brand_id=prev_yr.i_brand_id    AND curr_yr.i_class_id=prev_yr.i_class_id    AND curr_yr.i_category_id=prev_yr.i_category_id    AND curr_yr.i_manufact_id=prev_yr.i_manufact_id    AND curr_yr.d_year=2002    AND prev_yr.d_year=2002-1    AND CAST(curr_yr.sales_cnt AS DECIMAL(17,2))/CAST(prev_yr.sales_cnt AS DECIMAL(17,2))<0.9  ORDER BY sales_cnt_diff,sales_amt_diff  limit 100",12.77606106
"with ws as   (select d_year AS ws_sold_year, ws_item_sk,     ws_bill_customer_sk ws_customer_sk,     sum(ws_quantity) ws_qty,     sum(ws_wholesale_cost) ws_wc,     sum(ws_sales_price) ws_sp    from web_sales    left join web_returns on wr_order_number=ws_order_number and ws_item_sk=wr_item_sk    join date_dim on ws_sold_date_sk = d_date_sk    where wr_order_number is null    group by d_year, ws_item_sk, ws_bill_customer_sk    ), cs as   (select d_year AS cs_sold_year, cs_item_sk,     cs_bill_customer_sk cs_customer_sk,     sum(cs_quantity) cs_qty,     sum(cs_wholesale_cost) cs_wc,     sum(cs_sales_price) cs_sp    from catalog_sales    left join catalog_returns on cr_order_number=cs_order_number and cs_item_sk=cr_item_sk    join date_dim on cs_sold_date_sk = d_date_sk    where cr_order_number is null    group by d_year, cs_item_sk, cs_bill_customer_sk    ), ss as   (select d_year AS ss_sold_year, ss_item_sk,     ss_customer_sk,     sum(ss_quantity) ss_qty,     sum(ss_wholesale_cost) ss_wc,     sum(ss_sales_price) ss_sp    from store_sales    left join store_returns on sr_ticket_number=ss_ticket_number and ss_item_sk=sr_item_sk    join date_dim on ss_sold_date_sk = d_date_sk    where sr_ticket_number is null    group by d_year, ss_item_sk, ss_customer_sk    )  select  ss_customer_sk, round(ss_qty/(coalesce(ws_qty,0)+coalesce(cs_qty,0)),2) ratio, ss_qty store_qty, ss_wc store_wholesale_cost, ss_sp store_sales_price, coalesce(ws_qty,0)+coalesce(cs_qty,0) other_chan_qty, coalesce(ws_wc,0)+coalesce(cs_wc,0) other_chan_wholesale_cost, coalesce(ws_sp,0)+coalesce(cs_sp,0) other_chan_sales_price from ss left join ws on (ws_sold_year=ss_sold_year and ws_item_sk=ss_item_sk and ws_customer_sk=ss_customer_sk) left join cs on (cs_sold_year=ss_sold_year and cs_item_sk=ss_item_sk and cs_customer_sk=ss_customer_sk) where (coalesce(ws_qty,0)>0 or coalesce(cs_qty, 0)>0) and ss_sold_year=1998 order by    ss_customer_sk,   ss_qty desc, ss_wc desc, ss_sp desc,   other_chan_qty,   other_chan_wholesale_cost,   other_chan_sales_price,   ratio limit 100",11.44632483
"select  s_store_name       ,sum(ss_net_profit)  from store_sales      ,date_dim      ,store,      (select ca_zip      from (       SELECT substr(ca_zip,1,5) ca_zip       FROM customer_address       WHERE substr(ca_zip,1,5) IN (                           '47602','16704','35863','28577','83910','36201',                           '58412','48162','28055','41419','80332',                           '38607','77817','24891','16226','18410',                           '21231','59345','13918','51089','20317',                           '17167','54585','67881','78366','47770',                           '18360','51717','73108','14440','21800',                           '89338','45859','65501','34948','25973',                           '73219','25333','17291','10374','18829',                           '60736','82620','41351','52094','19326',                           '25214','54207','40936','21814','79077',                           '25178','75742','77454','30621','89193',                           '27369','41232','48567','83041','71948',                           '37119','68341','14073','16891','62878',                           '49130','19833','24286','27700','40979',                           '50412','81504','94835','84844','71954',                           '39503','57649','18434','24987','12350',                           '86379','27413','44529','98569','16515',                           '27287','24255','21094','16005','56436',                           '91110','68293','56455','54558','10298',                           '83647','32754','27052','51766','19444',                           '13869','45645','94791','57631','20712',                           '37788','41807','46507','21727','71836',                           '81070','50632','88086','63991','20244',                           '31655','51782','29818','63792','68605',                           '94898','36430','57025','20601','82080',                           '33869','22728','35834','29086','92645',                           '98584','98072','11652','78093','57553',                           '43830','71144','53565','18700','90209',                           '71256','38353','54364','28571','96560',                           '57839','56355','50679','45266','84680',                           '34306','34972','48530','30106','15371',                           '92380','84247','92292','68852','13338',                           '34594','82602','70073','98069','85066',                           '47289','11686','98862','26217','47529',                           '63294','51793','35926','24227','14196',                           '24594','32489','99060','49472','43432',                           '49211','14312','88137','47369','56877',                           '20534','81755','15794','12318','21060',                           '73134','41255','63073','81003','73873',                           '66057','51184','51195','45676','92696',                           '70450','90669','98338','25264','38919',                           '59226','58581','60298','17895','19489',                           '52301','80846','95464','68770','51634',                           '19988','18367','18421','11618','67975',                           '25494','41352','95430','15734','62585',                           '97173','33773','10425','75675','53535',                           '17879','41967','12197','67998','79658',                           '59130','72592','14851','43933','68101',                           '50636','25717','71286','24660','58058',                           '72991','95042','15543','33122','69280',                           '11912','59386','27642','65177','17672',                           '33467','64592','36335','54010','18767',                           '63193','42361','49254','33113','33159',                           '36479','59080','11855','81963','31016',                           '49140','29392','41836','32958','53163',                           '13844','73146','23952','65148','93498',                           '14530','46131','58454','13376','13378',                           '83986','12320','17193','59852','46081',                           '98533','52389','13086','68843','31013',                           '13261','60560','13443','45533','83583',                           '11489','58218','19753','22911','25115',                           '86709','27156','32669','13123','51933',                           '39214','41331','66943','14155','69998',                           '49101','70070','35076','14242','73021',                           '59494','15782','29752','37914','74686',                           '83086','34473','15751','81084','49230',                           '91894','60624','17819','28810','63180',                           '56224','39459','55233','75752','43639',                           '55349','86057','62361','50788','31830',                           '58062','18218','85761','60083','45484',                           '21204','90229','70041','41162','35390',                           '16364','39500','68908','26689','52868',                           '81335','40146','11340','61527','61794',                           '71997','30415','59004','29450','58117',                           '69952','33562','83833','27385','61860',                           '96435','48333','23065','32961','84919',                           '61997','99132','22815','56600','68730',                           '48017','95694','32919','88217','27116',                           '28239','58032','18884','16791','21343',                           '97462','18569','75660','15475')      intersect       select ca_zip       from (SELECT substr(ca_zip,1,5) ca_zip,count(*) cnt             FROM customer_address, customer             WHERE ca_address_sk = c_current_addr_sk and                   c_preferred_cust_flag='Y'             group by ca_zip             having count(*) > 10)A1)A2) V1  where ss_store_sk = s_store_sk   and ss_sold_date_sk = d_date_sk   and d_qoy = 2 and d_year = 1998   and (substr(s_zip,1,2) = substr(V1.ca_zip,1,2))  group by s_store_name  order by s_store_name  limit 100",2.893265247
"select  channel, item, return_ratio, return_rank, currency_rank from  (select  'web' as channel  ,web.item  ,web.return_ratio  ,web.return_rank  ,web.currency_rank  from (  	select   	 item  	,return_ratio  	,currency_ratio  	,rank() over (order by return_ratio) as return_rank  	,rank() over (order by currency_ratio) as currency_rank  	from  	(	select ws.ws_item_sk as item  		,(cast(sum(coalesce(wr.wr_return_quantity,0)) as decimal(15,4))/  		cast(sum(coalesce(ws.ws_quantity,0)) as decimal(15,4) )) as return_ratio  		,(cast(sum(coalesce(wr.wr_return_amt,0)) as decimal(15,4))/  		cast(sum(coalesce(ws.ws_net_paid,0)) as decimal(15,4) )) as currency_ratio  		from   		 web_sales ws left outer join web_returns wr   			on (ws.ws_order_number = wr.wr_order_number and   			ws.ws_item_sk = wr.wr_item_sk)                  ,date_dim  		where   			wr.wr_return_amt > 10000   			and ws.ws_net_profit > 1                          and ws.ws_net_paid > 0                          and ws.ws_quantity > 0                          and ws_sold_date_sk = d_date_sk                          and d_year = 1998                          and d_moy = 11  		group by ws.ws_item_sk  	) in_web  ) web  where   (  web.return_rank <= 10  or  web.currency_rank <= 10  )  union  select   'catalog' as channel  ,catalog.item  ,catalog.return_ratio  ,catalog.return_rank  ,catalog.currency_rank  from (  	select   	 item  	,return_ratio  	,currency_ratio  	,rank() over (order by return_ratio) as return_rank  	,rank() over (order by currency_ratio) as currency_rank  	from  	(	select   		cs.cs_item_sk as item  		,(cast(sum(coalesce(cr.cr_return_quantity,0)) as decimal(15,4))/  		cast(sum(coalesce(cs.cs_quantity,0)) as decimal(15,4) )) as return_ratio  		,(cast(sum(coalesce(cr.cr_return_amount,0)) as decimal(15,4))/  		cast(sum(coalesce(cs.cs_net_paid,0)) as decimal(15,4) )) as currency_ratio  		from   		catalog_sales cs left outer join catalog_returns cr  			on (cs.cs_order_number = cr.cr_order_number and   			cs.cs_item_sk = cr.cr_item_sk)                 ,date_dim  		where   			cr.cr_return_amount > 10000   			and cs.cs_net_profit > 1                          and cs.cs_net_paid > 0                          and cs.cs_quantity > 0                          and cs_sold_date_sk = d_date_sk                          and d_year = 1998                          and d_moy = 11                  group by cs.cs_item_sk  	) in_cat  ) catalog  where   (  catalog.return_rank <= 10  or  catalog.currency_rank <=10  )  union  select   'store' as channel  ,store.item  ,store.return_ratio  ,store.return_rank  ,store.currency_rank  from (  	select   	 item  	,return_ratio  	,currency_ratio  	,rank() over (order by return_ratio) as return_rank  	,rank() over (order by currency_ratio) as currency_rank  	from  	(	select sts.ss_item_sk as item  		,(cast(sum(coalesce(sr.sr_return_quantity,0)) as decimal(15,4))/cast(sum(coalesce(sts.ss_quantity,0)) as decimal(15,4) )) as return_ratio  		,(cast(sum(coalesce(sr.sr_return_amt,0)) as decimal(15,4))/cast(sum(coalesce(sts.ss_net_paid,0)) as decimal(15,4) )) as currency_ratio  		from   		store_sales sts left outer join store_returns sr  			on (sts.ss_ticket_number = sr.sr_ticket_number and sts.ss_item_sk = sr.sr_item_sk)                 ,date_dim  		where   			sr.sr_return_amt > 10000   			and sts.ss_net_profit > 1                          and sts.ss_net_paid > 0                           and sts.ss_quantity > 0                          and ss_sold_date_sk = d_date_sk                          and d_year = 1998                          and d_moy = 11  		group by sts.ss_item_sk  	) in_store  ) store  where  (  store.return_rank <= 10  or   store.currency_rank <= 10  )  )  order by 1,4,5,2  limit 100",5.411379337
"select  * from  (select count(*) h8_30_to_9  from store_sales, household_demographics , time_dim, store  where ss_sold_time_sk = time_dim.t_time_sk         and ss_hdemo_sk = household_demographics.hd_demo_sk       and ss_store_sk = s_store_sk      and time_dim.t_hour = 8      and time_dim.t_minute >= 30      and ((household_demographics.hd_dep_count = 0 and household_demographics.hd_vehicle_count<=0+2) or           (household_demographics.hd_dep_count = -1 and household_demographics.hd_vehicle_count<=-1+2) or           (household_demographics.hd_dep_count = 3 and household_demographics.hd_vehicle_count<=3+2))       and store.s_store_name = 'ese') s1,  (select count(*) h9_to_9_30   from store_sales, household_demographics , time_dim, store  where ss_sold_time_sk = time_dim.t_time_sk      and ss_hdemo_sk = household_demographics.hd_demo_sk      and ss_store_sk = s_store_sk       and time_dim.t_hour = 9       and time_dim.t_minute < 30      and ((household_demographics.hd_dep_count = 0 and household_demographics.hd_vehicle_count<=0+2) or           (household_demographics.hd_dep_count = -1 and household_demographics.hd_vehicle_count<=-1+2) or           (household_demographics.hd_dep_count = 3 and household_demographics.hd_vehicle_count<=3+2))      and store.s_store_name = 'ese') s2,  (select count(*) h9_30_to_10   from store_sales, household_demographics , time_dim, store  where ss_sold_time_sk = time_dim.t_time_sk      and ss_hdemo_sk = household_demographics.hd_demo_sk      and ss_store_sk = s_store_sk      and time_dim.t_hour = 9      and time_dim.t_minute >= 30      and ((household_demographics.hd_dep_count = 0 and household_demographics.hd_vehicle_count<=0+2) or           (household_demographics.hd_dep_count = -1 and household_demographics.hd_vehicle_count<=-1+2) or           (household_demographics.hd_dep_count = 3 and household_demographics.hd_vehicle_count<=3+2))      and store.s_store_name = 'ese') s3,  (select count(*) h10_to_10_30  from store_sales, household_demographics , time_dim, store  where ss_sold_time_sk = time_dim.t_time_sk      and ss_hdemo_sk = household_demographics.hd_demo_sk      and ss_store_sk = s_store_sk      and time_dim.t_hour = 10       and time_dim.t_minute < 30      and ((household_demographics.hd_dep_count = 0 and household_demographics.hd_vehicle_count<=0+2) or           (household_demographics.hd_dep_count = -1 and household_demographics.hd_vehicle_count<=-1+2) or           (household_demographics.hd_dep_count = 3 and household_demographics.hd_vehicle_count<=3+2))      and store.s_store_name = 'ese') s4,  (select count(*) h10_30_to_11  from store_sales, household_demographics , time_dim, store  where ss_sold_time_sk = time_dim.t_time_sk      and ss_hdemo_sk = household_demographics.hd_demo_sk      and ss_store_sk = s_store_sk      and time_dim.t_hour = 10       and time_dim.t_minute >= 30      and ((household_demographics.hd_dep_count = 0 and household_demographics.hd_vehicle_count<=0+2) or           (household_demographics.hd_dep_count = -1 and household_demographics.hd_vehicle_count<=-1+2) or           (household_demographics.hd_dep_count = 3 and household_demographics.hd_vehicle_count<=3+2))      and store.s_store_name = 'ese') s5,  (select count(*) h11_to_11_30  from store_sales, household_demographics , time_dim, store  where ss_sold_time_sk = time_dim.t_time_sk      and ss_hdemo_sk = household_demographics.hd_demo_sk      and ss_store_sk = s_store_sk       and time_dim.t_hour = 11      and time_dim.t_minute < 30      and ((household_demographics.hd_dep_count = 0 and household_demographics.hd_vehicle_count<=0+2) or           (household_demographics.hd_dep_count = -1 and household_demographics.hd_vehicle_count<=-1+2) or           (household_demographics.hd_dep_count = 3 and household_demographics.hd_vehicle_count<=3+2))      and store.s_store_name = 'ese') s6,  (select count(*) h11_30_to_12  from store_sales, household_demographics , time_dim, store  where ss_sold_time_sk = time_dim.t_time_sk      and ss_hdemo_sk = household_demographics.hd_demo_sk      and ss_store_sk = s_store_sk      and time_dim.t_hour = 11      and time_dim.t_minute >= 30      and ((household_demographics.hd_dep_count = 0 and household_demographics.hd_vehicle_count<=0+2) or           (household_demographics.hd_dep_count = -1 and household_demographics.hd_vehicle_count<=-1+2) or           (household_demographics.hd_dep_count = 3 and household_demographics.hd_vehicle_count<=3+2))      and store.s_store_name = 'ese') s7,  (select count(*) h12_to_12_30  from store_sales, household_demographics , time_dim, store  where ss_sold_time_sk = time_dim.t_time_sk      and ss_hdemo_sk = household_demographics.hd_demo_sk      and ss_store_sk = s_store_sk      and time_dim.t_hour = 12      and time_dim.t_minute < 30      and ((household_demographics.hd_dep_count = 0 and household_demographics.hd_vehicle_count<=0+2) or           (household_demographics.hd_dep_count = -1 and household_demographics.hd_vehicle_count<=-1+2) or           (household_demographics.hd_dep_count = 3 and household_demographics.hd_vehicle_count<=3+2))      and store.s_store_name = 'ese') s8",7.937989473
"with customer_total_return as  (select cr_returning_customer_sk as ctr_customer_sk         ,ca_state as ctr_state,   	sum(cr_return_amt_inc_tax) as ctr_total_return  from catalog_returns      ,date_dim      ,customer_address  where cr_returned_date_sk = d_date_sk     and d_year =2001    and cr_returning_addr_sk = ca_address_sk   group by cr_returning_customer_sk          ,ca_state )   select  c_customer_id,c_salutation,c_first_name,c_last_name,ca_street_number,ca_street_name                    ,ca_street_type,ca_suite_number,ca_city,ca_county,ca_state,ca_zip,ca_country,ca_gmt_offset                   ,ca_location_type,ctr_total_return  from customer_total_return ctr1      ,customer_address      ,customer  where ctr1.ctr_total_return > (select avg(ctr_total_return)*1.2  			  from customer_total_return ctr2                    	  where ctr1.ctr_state = ctr2.ctr_state)        and ca_address_sk = c_current_addr_sk        and ca_state = 'TN'        and ctr1.ctr_customer_sk = c_customer_sk  order by c_customer_id,c_salutation,c_first_name,c_last_name,ca_street_number,ca_street_name                    ,ca_street_type,ca_suite_number,ca_city,ca_county,ca_state,ca_zip,ca_country,ca_gmt_offset                   ,ca_location_type,ctr_total_return  limit 100",3.454217434
"select    c_last_name,c_first_name,substr(s_city,1,30),ss_ticket_number,amt,profit   from    (select ss_ticket_number           ,ss_customer_sk           ,store.s_city           ,sum(ss_coupon_amt) amt           ,sum(ss_net_profit) profit     from store_sales,date_dim,store,household_demographics     where store_sales.ss_sold_date_sk = date_dim.d_date_sk     and store_sales.ss_store_sk = store.s_store_sk       and store_sales.ss_hdemo_sk = household_demographics.hd_demo_sk     and (household_demographics.hd_dep_count = 7 or household_demographics.hd_vehicle_count > -1)     and date_dim.d_dow = 1     and date_dim.d_year in (2000,2000+1,2000+2)      and store.s_number_employees between 200 and 295     group by ss_ticket_number,ss_customer_sk,ss_addr_sk,store.s_city) ms,customer     where ss_customer_sk = c_customer_sk  order by c_last_name,c_first_name,substr(s_city,1,30), profit limit 100",3.346252203
,
Total Time Taken - ,218.8267279
